Tags,title,description,robots,viewport,canonical,ogLocale,ogSiteName,ogType,ogTitle,ogDescription,ogUrl,ogImage,ogImageAlt
Score,0.9870892018779343,0.5305164319248826,0.1983568075117371,0.9284037558685446,0.6150234741784038,0.13262910798122066,0.36619718309859156,0.37910798122065725,0.4565727699530516,0.3685446009389671,0.44014084507042256,0.40492957746478875,0.07981220657276995
