Domain type,title,description,robots,viewport,canonical,ogLocale,ogSiteName,ogType,ogTitle,ogDescription,ogUrl,ogImage,ogImageAlt
Federal - Executive,0.9869960988296489,0.5357607282184655,0.18855656697009102,0.9284785435630689,0.6254876462938882,0.1378413524057217,0.37451235370611186,0.38751625487646296,0.46033810143042914,0.36540962288686607,0.4616384915474642,0.40052015604681407,0.08842652795838751
Federal - Judicial,1.0,0.3333333333333333,0.16666666666666666,1.0,0.5,0.0,0.16666666666666666,0.16666666666666666,0.16666666666666666,0.0,0.16666666666666666,0.0,0.0
Federal - Legislative,0.987012987012987,0.4935064935064935,0.2987012987012987,0.922077922077922,0.5194805194805194,0.09090909090909091,0.2987012987012987,0.3116883116883117,0.44155844155844154,0.42857142857142855,0.24675324675324675,0.4805194805194805,0.0
